2026-04-03_14-22-43,0,main.go:2026-04-03_14-22-43
2026-04-05_11-51-02,0,main.go:2026-04-03_14-22-43
2026-04-05_11-54-17,0,main.go:2026-04-03_14-22-43
2026-04-05_11-54-19,---,main.go:2026-04-03_14-22-43
2026-04-05_11-54-30,---,main.go:2026-04-03_14-22-43
2026-04-05_11-55-04,0,main.go:2026-04-03_14-22-43
2026-04-05_11-55-04,0,main.go:2026-04-03_14-22-43
2026-04-05_12-08-20,0,main.go:2026-04-05_12-08-20
2026-04-05_12-14-32,0,main.go:2026-04-05_12-14-32
2026-04-05_12-14-33,0,main.go:2026-04-05_12-14-32
2026-04-05_13-39-55,0,main.go:2026-04-05_13-39-55
2026-04-05_13-40-54,0,main.go:2026-04-05_13-40-54
2026-04-05_13-41-10,0,main.go:2026-04-05_13-41-10
2026-04-05_13-41-32,0,main.go:2026-04-05_13-41-32
2026-04-05_13-44-01,0,main.go:2026-04-05_13-44-01
2026-04-05_13-44-56,0,main.go:2026-04-05_13-44-56
2026-04-05_13-47-24,0,main.go:2026-04-05_13-47-24
2026-04-05_13-47-25,0,main.go:2026-04-05_13-47-24
2026-04-05_13-49-17,0,main.go:2026-04-05_13-49-17
2026-04-05_13-49-42,0,main.go:2026-04-05_13-49-42
2026-04-05_13-50-03,0,main.go:2026-04-05_13-50-03
2026-04-05_13-51-02,0,main.go:2026-04-05_13-51-02
2026-04-05_13-53-46,0,main.go:2026-04-05_13-51-02
2026-04-05_20-09-18,0,main.go:2026-04-05_20-09-18
2026-04-05_20-09-29,16,main.go:2026-04-05_20-09-29
2026-04-07_07-53-25,16,main.go:2026-04-07_07-53-25
2026-04-07_07-54-08,16,main.go:2026-04-07_07-53-25
2026-04-07_08-06-01,16,main.go:2026-04-07_08-06-01
2026-04-07_08-06-59,16,main.go:2026-04-07_08-06-59
2026-04-07_08-15-14,16,main.go:2026-04-07_08-15-14
2026-04-07_08-16-19,16,main.go:2026-04-07_08-16-19
2026-04-07_08-17-27,16,main.go:2026-04-07_08-17-27
2026-04-07_08-17-42,16,main.go:2026-04-07_08-17-27
2026-04-07_08-18-32,16,main.go:2026-04-07_08-18-32
2026-04-07_08-20-10,33,main.go:2026-04-07_08-20-10
2026-04-07_08-48-30,33,main.go:2026-04-07_08-48-30
2026-04-07_08-54-42,33,main.go:2026-04-07_08-48-30
2026-04-07_09-14-46,16,main.go:2026-04-07_09-14-46
2026-04-07_09-15-00,16,main.go:2026-04-07_09-15-00
2026-04-07_09-15-05,16,main.go:2026-04-07_09-15-05
2026-04-07_09-16-54,33,main.go:2026-04-07_09-16-54
2026-04-07_09-22-24,33,main.go:2026-04-07_09-22-24
2026-04-07_09-22-53,33,main.go:2026-04-07_09-22-53
2026-04-07_09-28-23,33,main.go:2026-04-07_09-28-23
2026-04-07_09-28-33,33,main.go:2026-04-07_09-28-33
2026-04-07_09-28-58,33,main.go:2026-04-07_09-28-58
