2026-07-07_14-03-39,0,main.go:2026-07-07_14-03-39;stack.go:2026-07-07_14-03-39
2026-07-07_14-03-45,0,main.go:2026-07-07_14-03-39;stack.go:2026-07-07_14-03-39
2026-07-07_14-03-46,0,main.go:2026-07-07_14-03-39;stack.go:2026-07-07_14-03-39
2026-07-07_14-12-45,0,main.go:2026-07-07_14-03-39;stack.go:2026-07-07_14-03-39
2026-07-07_14-29-21,0,main.go:2026-07-07_14-03-39;stack.go:2026-07-07_14-03-39
2026-07-07_14-30-04,---,main.go:2026-07-07_14-03-39;stack.go:2026-07-07_14-03-39
2026-07-07_14-30-07,0,main.go:2026-07-07_14-03-39;stack.go:2026-07-07_14-03-39
2026-07-07_14-30-31,0,main.go:2026-07-07_14-03-39;stack.go:2026-07-07_14-03-39
2026-07-07_14-30-36,0,main.go:2026-07-07_14-03-39;stack.go:2026-07-07_14-03-39
2026-07-07_18-07-31,0,main.go:2026-07-07_14-03-39;stack.go:2026-07-07_14-03-39
