2026-03-21_19-45-20,---,draft.go:2026-03-21_19-45-20
2026-03-21_19-52-54,0,draft.go:2026-03-21_19-45-20
2026-03-21_19-53-04,0,draft.go:2026-03-21_19-53-04
2026-03-23_11-02-58,0,draft.go:2026-03-23_11-02-58
2026-03-23_11-02-58,0,draft.go:2026-03-23_11-02-58
2026-03-23_11-09-00,0,draft.go:2026-03-23_11-09-00
2026-03-23_11-15-59,0,draft.go:2026-03-23_11-15-59
2026-03-23_11-16-13,33,draft.go:2026-03-23_11-16-13
2026-03-23_11-19-11,0,draft.go:2026-03-23_11-19-11
2026-03-23_11-19-58,0,draft.go:2026-03-23_11-19-58
2026-03-23_11-20-13,0,draft.go:2026-03-23_11-20-13
2026-03-23_11-20-22,16,draft.go:2026-03-23_11-20-22
2026-03-23_11-29-31,33,draft.go:2026-03-23_11-29-31
2026-03-23_11-30-08,0,draft.go:2026-03-23_11-30-08
2026-03-23_11-30-13,---,draft.go:2026-03-23_11-30-08
2026-03-23_11-30-36,0,draft.go:2026-03-23_11-30-36
2026-03-23_11-31-55,0,draft.go:2026-03-23_11-31-55
2026-03-23_11-32-56,25,draft.go:2026-03-23_11-32-56
2026-03-23_11-34-32,58,draft.go:2026-03-23_11-34-32
2026-03-23_11-34-55,16,draft.go:2026-03-23_11-34-55
2026-03-23_11-35-06,25,draft.go:2026-03-23_11-34-55
2026-03-23_11-35-12,50,draft.go:2026-03-23_11-34-55
2026-03-23_11-35-18,33,draft.go:2026-03-23_11-35-18
2026-03-23_11-35-25,8,draft.go:2026-03-23_11-35-25
2026-03-23_11-42-18,16,draft.go:2026-03-23_11-42-18
2026-03-23_11-42-52,16,draft.go:2026-03-23_11-42-52
2026-03-23_11-43-36,0,draft.go:2026-03-23_11-43-36
2026-03-23_11-45-07,0,draft.go:2026-03-23_11-45-07
2026-03-23_11-45-08,0,draft.go:2026-03-23_11-45-07
2026-03-23_11-45-27,0,draft.go:2026-03-23_11-45-07
2026-03-23_11-46-21,0,draft.go:2026-03-23_11-45-07
2026-03-23_11-46-21,0,draft.go:2026-03-23_11-45-07
2026-03-23_11-46-41,0,draft.go:2026-03-23_11-46-41
2026-03-23_11-46-55,100,draft.go:2026-03-23_11-46-55
