2026-04-27_19-27-21,0,main.go:2026-04-27_19-27-21
2026-04-27_19-27-40,---,main.go:2026-04-27_19-27-21
2026-04-27_19-27-53,0,main.go:2026-04-27_19-27-21
2026-04-27_20-12-32,0,main.go:2026-04-27_20-12-32
2026-04-27_20-14-17,0,main.go:2026-04-27_20-14-17
2026-04-27_20-14-35,0,main.go:2026-04-27_20-14-35
2026-04-27_20-15-50,0,main.go:2026-04-27_20-15-50
2026-04-27_20-17-04,0,main.go:2026-04-27_20-17-04
2026-04-27_20-18-05,16,main.go:2026-04-27_20-18-05
2026-04-27_20-18-08,16,main.go:2026-04-27_20-18-05
2026-04-27_20-21-31,16,main.go:2026-04-27_20-21-31
2026-04-27_20-21-58,16,main.go:2026-04-27_20-21-58
2026-04-27_20-22-38,33,main.go:2026-04-27_20-22-38
2026-04-27_20-22-43,33,main.go:2026-04-27_20-22-38
2026-04-28_13-44-01,33,main.go:2026-04-28_13-44-01
2026-04-28_13-58-10,0,main.go:2026-04-28_13-58-10
2026-04-28_13-59-32,0,main.go:2026-04-28_13-59-32
2026-04-28_14-35-20,0,main.go:2026-04-28_14-35-20
2026-04-28_14-35-20,0,main.go:2026-04-28_14-35-20
2026-04-28_14-37-22,---,main.go:2026-04-28_14-37-22
2026-04-28_14-38-55,---,main.go:2026-04-28_14-38-55
2026-04-28_14-40-42,---,main.go:2026-04-28_14-40-42
2026-04-28_15-51-34,33,main.go:2026-04-28_15-51-34
2026-04-28_21-48-42,33,main.go:2026-04-28_15-51-34
