2026-04-14_16-34-27,0,main.go:2026-04-14_16-34-27
2026-04-14_16-36-13,0,main.go:2026-04-14_16-36-13
2026-04-25_17-55-34,0,main.go:2026-04-14_16-36-13
2026-04-26_18-06-47,0,main.go:2026-04-14_16-36-13
2026-04-26_18-07-59,0,main.go:2026-04-26_18-07-59
2026-04-26_18-08-27,0,main.go:2026-04-26_18-08-27
2026-04-26_19-08-14,0,main.go:2026-04-26_19-08-14
2026-04-27_08-52-23,0,main.go:2026-04-27_08-52-23
2026-04-27_08-54-33,0,main.go:2026-04-27_08-54-33
2026-04-27_08-58-08,0,main.go:2026-04-27_08-58-08
2026-04-27_09-01-03,0,main.go:2026-04-27_09-01-03
2026-04-27_09-02-20,0,main.go:2026-04-27_09-02-20
2026-04-27_09-02-42,0,main.go:2026-04-27_09-02-42
2026-04-27_09-03-17,0,main.go:2026-04-27_09-03-17
2026-04-27_09-03-39,0,main.go:2026-04-27_09-03-39
2026-04-27_09-18-08,18,main.go:2026-04-27_09-18-08
2026-04-27_09-18-41,18,main.go:2026-04-27_09-18-41
2026-04-27_09-18-41,18,main.go:2026-04-27_09-18-41
2026-04-27_09-18-43,18,main.go:2026-04-27_09-18-43
2026-04-27_09-25-56,0,main.go:2026-04-27_09-25-56
2026-04-27_09-26-18,18,main.go:2026-04-27_09-26-18
2026-04-27_09-28-41,18,main.go:2026-04-27_09-28-41
2026-04-27_09-34-27,18,main.go:2026-04-27_09-34-27
2026-04-27_09-34-38,18,main.go:2026-04-27_09-34-27
2026-04-27_09-35-02,18,main.go:2026-04-27_09-35-02
2026-04-27_09-35-20,18,main.go:2026-04-27_09-35-02
2026-04-27_09-35-50,9,main.go:2026-04-27_09-35-50
2026-04-27_09-36-08,9,main.go:2026-04-27_09-36-08
2026-04-27_09-37-43,9,main.go:2026-04-27_09-37-43
2026-04-27_09-39-18,9,main.go:2026-04-27_09-39-18
2026-04-27_09-40-35,0,main.go:2026-04-27_09-40-35
2026-04-27_09-41-04,9,main.go:2026-04-27_09-41-04
2026-04-27_09-41-34,9,main.go:2026-04-27_09-41-34
2026-04-27_09-47-18,0,main.go:2026-04-27_09-47-18
2026-04-27_09-47-41,0,main.go:2026-04-27_09-47-41
2026-04-27_09-47-55,9,main.go:2026-04-27_09-47-55
2026-04-27_09-48-46,9,main.go:2026-04-27_09-48-46
2026-04-27_09-48-59,9,main.go:2026-04-27_09-48-59
2026-04-27_09-49-14,9,main.go:2026-04-27_09-49-14
2026-04-27_09-49-39,0,main.go:2026-04-27_09-49-39
2026-04-27_09-49-47,9,main.go:2026-04-27_09-49-47
2026-04-27_09-50-15,9,main.go:2026-04-27_09-50-15
2026-04-27_09-54-18,9,main.go:2026-04-27_09-54-18
2026-04-27_10-24-13,18,main.go:2026-04-27_10-24-13
2026-04-27_10-25-05,18,main.go:2026-04-27_10-25-05
2026-04-27_10-26-15,9,main.go:2026-04-27_10-26-15
2026-04-27_10-27-01,9,main.go:2026-04-27_10-27-01
2026-04-27_10-29-42,9,main.go:2026-04-27_10-29-42
2026-04-27_15-50-23,0,main.go:2026-04-27_15-50-23
2026-04-27_15-50-39,9,main.go:2026-04-27_15-50-39
2026-04-27_19-27-00,0,main.go:2026-04-27_19-27-00
2026-04-28_14-59-51,0,main.go:2026-04-27_19-27-00
2026-04-28_15-00-05,0,main.go:2026-04-28_15-00-05
2026-04-28_15-00-05,0,main.go:2026-04-28_15-00-05
2026-04-28_15-00-06,0,main.go:2026-04-28_15-00-06
2026-04-28_15-00-06,0,main.go:2026-04-28_15-00-06
2026-04-28_15-00-06,0,main.go:2026-04-28_15-00-06
2026-04-28_15-00-07,0,main.go:2026-04-28_15-00-06
2026-04-28_15-00-07,0,main.go:2026-04-28_15-00-06
2026-04-28_15-00-07,0,main.go:2026-04-28_15-00-06
2026-04-28_15-00-07,0,main.go:2026-04-28_15-00-06
2026-04-28_15-00-07,0,main.go:2026-04-28_15-00-06
2026-04-28_15-00-07,0,main.go:2026-04-28_15-00-06
2026-04-28_15-00-07,0,main.go:2026-04-28_15-00-06
2026-04-28_15-00-08,0,main.go:2026-04-28_15-00-06
2026-04-28_15-00-34,0,main.go:2026-04-28_15-00-34
2026-04-28_15-00-40,9,main.go:2026-04-28_15-00-40
2026-04-28_15-21-51,0,main.go:2026-04-28_15-21-51
2026-04-28_15-38-47,0,main.go:2026-04-28_15-38-47
2026-04-28_15-42-41,0,main.go:2026-04-28_15-42-41
2026-04-28_15-42-42,0,main.go:2026-04-28_15-42-41
2026-04-28_15-42-43,0,main.go:2026-04-28_15-42-41
2026-04-28_15-43-05,9,main.go:2026-04-28_15-43-05
2026-04-28_15-43-52,9,main.go:2026-04-28_15-43-52
2026-04-28_15-44-07,9,main.go:2026-04-28_15-44-07
2026-04-28_15-44-56,9,main.go:2026-04-28_15-44-56
2026-04-28_15-51-38,9,main.go:2026-04-28_15-44-56
2026-04-28_15-52-46,9,main.go:2026-04-28_15-44-56
2026-04-28_15-52-53,9,main.go:2026-04-28_15-44-56
2026-04-28_15-54-13,9,main.go:2026-04-28_15-54-13
2026-04-28_15-56-14,9,main.go:2026-04-28_15-54-13
2026-04-28_16-01-12,9,main.go:2026-04-28_16-01-12
2026-04-28_16-01-22,9,main.go:2026-04-28_16-01-12
2026-04-28_16-04-33,0,main.go:2026-04-28_16-04-33
2026-04-28_16-04-34,0,main.go:2026-04-28_16-04-33
2026-04-28_16-04-44,27,main.go:2026-04-28_16-04-44
2026-04-28_16-05-51,27,main.go:2026-04-28_16-04-44
2026-04-28_16-07-12,27,main.go:2026-04-28_16-07-12
2026-04-28_16-09-33,27,main.go:2026-04-28_16-09-33
2026-04-28_16-14-00,27,main.go:2026-04-28_16-09-33
2026-04-28_16-14-50,27,main.go:2026-04-28_16-14-50
2026-04-28_16-14-51,27,main.go:2026-04-28_16-14-50
2026-04-28_16-17-43,0,main.go:2026-04-28_16-17-43
2026-04-28_16-18-05,0,main.go:2026-04-28_16-17-43
2026-04-28_16-18-14,0,main.go:2026-04-28_16-18-14
2026-04-28_16-18-42,0,main.go:2026-04-28_16-18-42
2026-04-28_16-23-31,27,main.go:2026-04-28_16-23-31
2026-04-28_16-28-18,---,main.go:2026-04-28_16-28-18
2026-04-28_16-33-21,27,main.go:2026-04-28_16-33-21
2026-04-28_16-34-05,36,main.go:2026-04-28_16-34-05
2026-04-28_16-34-14,36,main.go:2026-04-28_16-34-05
2026-04-28_16-40-08,36,main.go:2026-04-28_16-40-08
2026-04-28_16-40-26,45,main.go:2026-04-28_16-40-26
2026-04-28_16-41-14,45,main.go:2026-04-28_16-40-26
2026-04-28_16-41-52,0,main.go:2026-04-28_16-41-52
2026-04-28_16-42-01,45,main.go:2026-04-28_16-42-01
2026-04-28_16-43-15,0,main.go:2026-04-28_16-43-15
2026-04-28_16-43-22,45,main.go:2026-04-28_16-43-22
2026-04-28_20-20-59,0,main.go:2026-04-28_20-20-59
2026-04-28_20-21-11,0,main.go:2026-04-28_20-20-59
2026-04-28_20-23-18,45,main.go:2026-04-28_20-23-18
2026-04-28_20-23-55,54,main.go:2026-04-28_20-23-55
2026-04-28_20-27-44,0,main.go:2026-04-28_20-27-44
2026-04-28_20-28-10,54,main.go:2026-04-28_20-28-10
2026-04-28_20-41-25,54,main.go:2026-04-28_20-41-25
2026-04-28_20-42-27,54,main.go:2026-04-28_20-42-27
2026-04-28_20-43-08,54,main.go:2026-04-28_20-43-08
2026-04-28_20-43-13,54,main.go:2026-04-28_20-43-13
2026-04-28_21-03-40,54,main.go:2026-04-28_20-43-13
2026-04-28_21-08-00,54,main.go:2026-04-28_21-08-00
2026-04-28_21-12-47,54,main.go:2026-04-28_21-12-47
2026-04-28_21-12-56,54,main.go:2026-04-28_21-12-56
2026-04-28_21-14-57,54,main.go:2026-04-28_21-14-57
2026-04-28_21-15-23,54,main.go:2026-04-28_21-15-23
2026-04-28_21-19-12,54,main.go:2026-04-28_21-19-12
2026-04-28_21-20-17,54,main.go:2026-04-28_21-20-17
2026-04-28_21-20-23,54,main.go:2026-04-28_21-20-17
2026-04-28_21-20-29,0,main.go:2026-04-28_21-20-29
2026-04-28_21-20-33,54,main.go:2026-04-28_21-20-33
2026-04-28_21-22-49,54,main.go:2026-04-28_21-22-49
2026-04-28_21-27-22,54,main.go:2026-04-28_21-27-22
2026-04-28_21-27-48,54,main.go:2026-04-28_21-27-48
2026-04-28_21-28-18,54,main.go:2026-04-28_21-28-18
2026-04-28_21-30-45,0,main.go:2026-04-28_21-30-45
2026-04-28_21-32-08,54,main.go:2026-04-28_21-32-08
2026-04-28_22-54-57,54,main.go:2026-04-28_22-54-57
2026-04-28_22-55-22,54,main.go:2026-04-28_22-55-22
2026-04-28_22-55-47,54,main.go:2026-04-28_22-55-47
2026-04-28_22-56-43,54,main.go:2026-04-28_22-56-43
2026-04-28_22-57-29,72,main.go:2026-04-28_22-57-29
2026-04-28_23-30-10,72,main.go:2026-04-28_22-57-29
2026-04-29_13-49-54,72,main.go:2026-04-28_22-57-29
2026-04-29_14-18-43,72,main.go:2026-04-29_14-18-43
2026-04-29_14-22-00,72,main.go:2026-04-29_14-22-00
2026-04-29_14-22-30,72,main.go:2026-04-29_14-22-30
2026-04-29_14-24-52,72,main.go:2026-04-29_14-22-30
2026-04-29_14-25-09,72,main.go:2026-04-29_14-25-09
2026-04-29_14-25-21,72,main.go:2026-04-29_14-25-21
2026-04-29_14-25-24,0,main.go:2026-04-29_14-25-24
2026-04-29_14-25-28,72,main.go:2026-04-29_14-25-28
2026-04-29_14-26-38,72,main.go:2026-04-29_14-26-38
2026-04-29_14-30-08,72,main.go:2026-04-29_14-30-08
2026-04-29_14-30-26,72,main.go:2026-04-29_14-30-26
2026-04-29_14-33-56,72,main.go:2026-04-29_14-33-56
2026-04-29_14-41-25,72,main.go:2026-04-29_14-41-25
2026-04-29_14-42-08,81,main.go:2026-04-29_14-42-08
2026-05-01_03-05-48,81,main.go:2026-05-01_03-05-48
2026-05-01_03-09-51,90,main.go:2026-05-01_03-09-51
2026-05-01_03-12-41,0,main.go:2026-05-01_03-12-41
2026-05-01_03-35-29,90,main.go:2026-05-01_03-35-29
2026-05-01_03-40-04,0,main.go:2026-05-01_03-40-04
2026-05-01_03-41-02,90,main.go:2026-05-01_03-41-02
2026-05-01_03-41-05,90,main.go:2026-05-01_03-41-02
2026-05-01_03-46-45,90,main.go:2026-05-01_03-46-45
2026-05-01_03-50-44,90,main.go:2026-05-01_03-50-44
2026-05-01_03-52-19,90,main.go:2026-05-01_03-52-19
2026-05-01_03-53-04,90,main.go:2026-05-01_03-53-04
2026-05-01_03-54-40,90,main.go:2026-05-01_03-54-40
2026-05-01_03-56-31,90,main.go:2026-05-01_03-56-31
2026-05-01_03-58-47,90,main.go:2026-05-01_03-58-47
2026-05-01_03-58-51,90,main.go:2026-05-01_03-58-47
2026-05-01_04-02-44,---,main.go:2026-05-01_03-58-47
2026-05-01_04-13-49,90,main.go:2026-05-01_04-13-49
2026-05-01_04-14-53,90,main.go:2026-05-01_04-14-53
2026-05-01_04-17-11,90,main.go:2026-05-01_04-17-11
2026-05-01_04-19-56,100,main.go:2026-05-01_04-19-56
